{
    "synch_gen": [
        {
            "unit": 1,
            "bus": 1,
            "inertia": 23.64,
            "droop_R": 0.05,
            "droop_T": 0.2,
            "damping": 0.016
        },
        {
            "unit": 2,
            "bus": 2,
            "inertia": 6.4,
            "droop_R": 0.05,
            "droop_T": 0.2,
            "damping": 0.016
        }
    ],
    "ibr":
    [
        {
            "unit": 3,
            "bus": 3
        }
    ],
    "disturbance":
    [
        {
            "type": "gen",
            "bus": 2,
            "scale": 0.5,
            "tstart": 0.1,
            "tstop": 5.0
        }
    ]
}